"Read Position","PE1.R1","PE2.R1","PE3.R1"
1,0,0.00323095,0.00844634
2,0,0.00323095,0.00473404
3,0,0.00323095,0.0045978
4,0,0.00323095,0.0045978
5,0,0.00323095,0.0045978
6,0,0.00323095,0.0045978
7,0,0.00323095,0.0045978
8,0,0.00323095,0.0045978
9,0,0.00323095,0.0045978
10,0,0.00323095,0.0045978
11,0,0.00323095,0.0045978
12,0,0.00323095,0.0045978
13,0,0.00323095,0.0045978
14,0,0.00323095,0.0045978
15,0,0.00323095,0.0045978
16,0,0.00323095,0.0045978
17,0,0.00323095,0.0045978
18,0,0.00323095,0.0045978
19,0,0.00323095,0.0045978
20,0,0.00323095,0.0045978
21,0,0.00323095,0.0045978
22,0,0.00323095,0.0045978
23,0,0.0038367500000000003,0.00548331
24,0,0.00525029,0.00575577
25,0,0.00848123,0.006505039999999999
26,0,0.0111064,0.00739055
27,0,0.026453400000000002,0.0103876
28,0,0.06401309999999999,0.0217629
29,0,0.116112,0.038280999999999996
30,0,0.261909,0.05813669999999999
31,0,0.439409,0.0909344
32,0,0.54704,0.129147
33,0,0.600754,0.170357
34,0,0.657094,0.21425799999999998
35,0,0.707173,0.264936
36,0,0,0
37,0,0,0
38,0,0,0
39,0,0,0
40,0,0,0
41,0,0,0
42,0,0,0
43,0,0,0
44,0,0,0
45,0,0,0
46,0,0,0
47,0,0,0
48,0,0,0
49,0,0,0
50,0,0,0
51,0,0,0
52,0,0,0
53,0,0,0
54,0,0,0
55,0,0,0
56,0,0,0
57,0,0,0
58,0,0,0
59,0,0,0
60,0,0,0
61,0,0,0
62,0,0,0
63,0,0,0
64,0,0,0
65,0,0,0
66,0,0,0
67,0,0,0
68,0,0,0
69,0,0,0
70,0,0,0
71,0,0,0
72,0,0,0
73,0,0,0
74,0,0,0
75,0,0,0
76,0,0,0
77,0,0,0
78,0,0,0
79,0,0,0
80,0,0,0
81,0,0,0
82,0,0,0
83,0,0,0
84,0,0,0
85,0,0,0
86,0,0,0
87,0,0,0
88,0,0,0
89,0,0,0
90,0,0,0
91,0,0,0
92,0,0,0
93,0,0,0
94,0,0,0
95,0,0,0
96,0,0,0
97,0,0,0
98,0,0,0
99,0,0,0
100,0,0,0
101,0,0,0
102,0,0,0
103,0,0,0
104,0,0,0
105,0,0,0
106,0,0,0
107,0,0,0
108,0,0,0
109,0,0,0
110,0,0,0
111,0,0,0
112,0,0,0
113,0,0,0
114,0,0,0
115,0,0,0
116,0,0,0
117,0,0,0
118,0,0,0
119,0,0,0
120,0,0,0
121,0,0,0
122,0,0,0
123,0,0,0
124,0,0,0
125,0,0,0
126,0,0,0
127,0,0,0
128,0,0,0
129,0,0,0
130,0,0,0
131,0,0,0
132,0,0,0
133,0,0,0
134,0,0,0
135,0,0,0
136,0,0,0
137,0,0,0
138,0,0,0
139,0,0,0
140,0,0,0
141,0,0,0
142,0,0,0
143,0,0,0
144,0,0,0
145,0,0,0
146,0,0,0
147,0,0,0
148,0,0,0
149,0,0,0
150,0,0,0
151,0,0,0